{
  "runtimes": {
    "win7": {
      "System.Security.Cryptography.Algorithms": {
        "runtime.win7.System.Security.Cryptography.Algorithms": "4.0.0-beta-23516"
      }
    },
    "linux": {
      "System.Security.Cryptography.Algorithms": {
        "runtime.linux.System.Security.Cryptography.Algorithms": "4.0.0-beta-23516"
      }
    },
    "osx.10.10": {
      "System.Security.Cryptography.Algorithms": {
        "runtime.osx.10.10.System.Security.Cryptography.Algorithms": "4.0.0-beta-23516"
      }
    }
  }
}